name,country,continent,type,budget,ideal_days,best_season,description
Hyderabad,India,Asia,city,15000,3,October-March,Historic city famous for Charminar biryani and culture
Goa,India,Asia,beach,25000,4,November-February,Popular beach destination with beaches nightlife and water activities
Kerala,India,Asia,nature,30000,5,September-March,Known for backwaters greenery beaches and hill stations
Jaipur,India,Asia,heritage,20000,3,October-March,Historic city with forts palaces and colorful markets
Manali,India,Asia,mountains,28000,5,March-June,Mountain destination with snow adventure and scenic landscapes
Ooty,India,Asia,hills,18000,3,October-June,Peaceful hill station with tea gardens and pleasant weather
Munnar,India,Asia,nature,22000,4,September-May,Beautiful hill destination known for tea plantations
Mumbai,India,Asia,city,22000,3,November-February,Large coastal city with entertainment food and landmarks
Delhi,India,Asia,city,18000,3,October-March,Capital city with historical monuments museums and markets
Bengaluru,India,Asia,city,20000,3,October-February,Modern city known for technology parks gardens and nightlife
Paris,France,Europe,city,120000,5,April-June,Romantic destination famous for art architecture and cuisine
Dubai,UAE,Asia,city,90000,4,November-March,Modern destination known for shopping luxury and architecture
Singapore,Singapore,Asia,city,85000,4,February-April,Modern city-state with attractions gardens and diverse food